Workbook

Sheet Client Form
A1: SentinelRiskIQ™ Client Form
A2: Simple client-facing questions. Your answers automatically populate the hidden Control Intake sheet.
A4: Section | B4: Question | C4: Answer | D4: Comments
A5: Identity & Access | B5: Do users use multi-factor authentication (MFA)?
A6: Data Protection | B6: Is sensitive data encrypted at rest and in transit?
A7: Monitoring | B7: Are systems monitored in real time for suspicious activity?
A8: Risk Management | B8: Do you perform a formal risk assessment at least annually?
A9: Third Parties | B9: Are vendors reviewed for security and compliance risk?
A10: Incident Response | B10: Do you have a documented incident response plan?
A11: Access Reviews | B11: Are user access permissions reviewed regularly?
A12: Policies | B12: Do you have documented security policies that staff can access?
A13: Training | B13: Do employees receive security awareness training?
A14: Backups | B14: Are backups performed and restoration tested regularly?

Sheet Mapping
A1: Question Mapping
A3: Question Row | B3: Control ID | C3: Framework | D3: Control Area | E3: Control Name | F3: Critical Control
A4: 5 | B4: CTRL-001 | C4: SOC 2 | D4: Logical Access | E4: MFA Enforcement | F4: Yes
A5: 6 | B5: CTRL-002 | C5: HIPAA | D5: Technical | E5: Data Encryption | F5: Yes
A6: 7 | B6: CTRL-003 | C6: SOC 2 | D6: System Operations | E6: Real-Time Monitoring | F6: Yes
A7: 8 | B7: CTRL-004 | C7: HIPAA | D7: Risk Management | E7: Annual Risk Assessment | F7: Yes
A8: 9 | B8: CTRL-005 | C8: SOC 2 | D8: Vendor Management | E8: Vendor Risk Management | F8: Yes
A9: 10 | B9: CTRL-006 | C9: SOC 2 | D9: Incident Response | E9: Incident Response Plan | F9: No
A10: 11 | B10: CTRL-007 | C10: SOC 2 | D10: Control Activities | E10: Access Reviews | F10: No
A11: 12 | B11: CTRL-008 | C11: SOC 2 | D11: Communication | E11: Policy Governance | F11: No
A12: 13 | B12: CTRL-009 | C12: HIPAA | D12: Administrative | E12: Security Training | F12: No
A13: 14 | B13: CTRL-010 | C13: HIPAA | D13: Physical | E13: Backup and Recovery | F13: No

Sheet Control Intake
A1: Control Intake (Auto-Populated from Client Form)
A2: Do not edit this sheet directly. It is generated from the Client Form.
A4: Control ID | B4: Framework | C4: Control Area | D4: Control Name | E4: Status | F4: Policy Exists | G4: Procedure Exists | H4: Owner Assigned | I4: Evidence Available | J4: Tested Recently | K4: Critical Control
A5: =Mapping!B4 | B5: =Mapping!C4 | C5: =Mapping!D4 | D5: =Mapping!E4 | E5: =IF('Client Form'!C5="Yes","Yes",IF('Client Form'!C5="Partial","Partial","No")) | F5: =IF(OR('Client Form'!C5="Yes",'Client Form'!C5="Partial"),"Yes","No") | G5: =IF('Client Form'!C5="Yes","Yes","No") | H5: =IF(OR('Client Form'!C5="Yes",'Client Form'!C5="Partial"),"Yes","No") | I5: =IF('Client Form'!C5="Yes","Yes","No") | J5: =IF('Client Form'!C5="Yes","Yes","No") | K5: =Mapping!F4
A6: =Mapping!B5 | B6: =Mapping!C5 | C6: =Mapping!D5 | D6: =Mapping!E5 | E6: =IF('Client Form'!C6="Yes","Yes",IF('Client Form'!C6="Partial","Partial","No")) | F6: =IF(OR('Client Form'!C6="Yes",'Client Form'!C6="Partial"),"Yes","No") | G6: =IF('Client Form'!C6="Yes","Yes","No") | H6: =IF(OR('Client Form'!C6="Yes",'Client Form'!C6="Partial"),"Yes","No") | I6: =IF('Client Form'!C6="Yes","Yes","No") | J6: =IF('Client Form'!C6="Yes","Yes","No") | K6: =Mapping!F5
A7: =Mapping!B6 | B7: =Mapping!C6 | C7: =Mapping!D6 | D7: =Mapping!E6 | E7: =IF('Client Form'!C7="Yes","Yes",IF('Client Form'!C7="Partial","Partial","No")) | F7: =IF(OR('Client Form'!C7="Yes",'Client Form'!C7="Partial"),"Yes","No") | G7: =IF('Client Form'!C7="Yes","Yes","No") | H7: =IF(OR('Client Form'!C7="Yes",'Client Form'!C7="Partial"),"Yes","No") | I7: =IF('Client Form'!C7="Yes","Yes","No") | J7: =IF('Client Form'!C7="Yes","Yes","No") | K7: =Mapping!F6
A8: =Mapping!B7 | B8: =Mapping!C7 | C8: =Mapping!D7 | D8: =Mapping!E7 | E8: =IF('Client Form'!C8="Yes","Yes",IF('Client Form'!C8="Partial","Partial","No")) | F8: =IF(OR('Client Form'!C8="Yes",'Client Form'!C8="Partial"),"Yes","No") | G8: =IF('Client Form'!C8="Yes","Yes","No") | H8: =IF(OR('Client Form'!C8="Yes",'Client Form'!C8="Partial"),"Yes","No") | I8: =IF('Client Form'!C8="Yes","Yes","No") | J8: =IF('Client Form'!C8="Yes","Yes","No") | K8: =Mapping!F7
A9: =Mapping!B8 | B9: =Mapping!C8 | C9: =Mapping!D8 | D9: =Mapping!E8 | E9: =IF('Client Form'!C9="Yes","Yes",IF('Client Form'!C9="Partial","Partial","No")) | F9: =IF(OR('Client Form'!C9="Yes",'Client Form'!C9="Partial"),"Yes","No") | G9: =IF('Client Form'!C9="Yes","Yes","No") | H9: =IF(OR('Client Form'!C9="Yes",'Client Form'!C9="Partial"),"Yes","No") | I9: =IF('Client Form'!C9="Yes","Yes","No") | J9: =IF('Client Form'!C9="Yes","Yes","No") | K9: =Mapping!F8
A10: =Mapping!B9 | B10: =Mapping!C9 | C10: =Mapping!D9 | D10: =Mapping!E9 | E10: =IF('Client Form'!C10="Yes","Yes",IF('Client Form'!C10="Partial","Partial","No")) | F10: =IF(OR('Client Form'!C10="Yes",'Client Form'!C10="Partial"),"Yes","No") | G10: =IF('Client Form'!C10="Yes","Yes","No") | H10: =IF(OR('Client Form'!C10="Yes",'Client Form'!C10="Partial"),"Yes","No") | I10: =IF('Client Form'!C10="Yes","Yes","No") | J10: =IF('Client Form'!C10="Yes","Yes","No") | K10: =Mapping!F9
A11: =Mapping!B10 | B11: =Mapping!C10 | C11: =Mapping!D10 | D11: =Mapping!E10 | E11: =IF('Client Form'!C11="Yes","Yes",IF('Client Form'!C11="Partial","Partial","No")) | F11: =IF(OR('Client Form'!C11="Yes",'Client Form'!C11="Partial"),"Yes","No") | G11: =IF('Client Form'!C11="Yes","Yes","No") | H11: =IF(OR('Client Form'!C11="Yes",'Client Form'!C11="Partial"),"Yes","No") | I11: =IF('Client Form'!C11="Yes","Yes","No") | J11: =IF('Client Form'!C11="Yes","Yes","No") | K11: =Mapping!F10
A12: =Mapping!B11 | B12: =Mapping!C11 | C12: =Mapping!D11 | D12: =Mapping!E11 | E12: =IF('Client Form'!C12="Yes","Yes",IF('Client Form'!C12="Partial","Partial","No")) | F12: =IF(OR('Client Form'!C12="Yes",'Client Form'!C12="Partial"),"Yes","No") | G12: =IF('Client Form'!C12="Yes","Yes","No") | H12: =IF(OR('Client Form'!C12="Yes",'Client Form'!C12="Partial"),"Yes","No") | I12: =IF('Client Form'!C12="Yes","Yes","No") | J12: =IF('Client Form'!C12="Yes","Yes","No") | K12: =Mapping!F11
A13: =Mapping!B12 | B13: =Mapping!C12 | C13: =Mapping!D12 | D13: =Mapping!E12 | E13: =IF('Client Form'!C13="Yes","Yes",IF('Client Form'!C13="Partial","Partial","No")) | F13: =IF(OR('Client Form'!C13="Yes",'Client Form'!C13="Partial"),"Yes","No") | G13: =IF('Client Form'!C13="Yes","Yes","No") | H13: =IF(OR('Client Form'!C13="Yes",'Client Form'!C13="Partial"),"Yes","No") | I13: =IF('Client Form'!C13="Yes","Yes","No") | J13: =IF('Client Form'!C13="Yes","Yes","No") | K13: =Mapping!F12
A14: =Mapping!B13 | B14: =Mapping!C13 | C14: =Mapping!D13 | D14: =Mapping!E13 | E14: =IF('Client Form'!C14="Yes","Yes",IF('Client Form'!C14="Partial","Partial","No")) | F14: =IF(OR('Client Form'!C14="Yes",'Client Form'!C14="Partial"),"Yes","No") | G14: =IF('Client Form'!C14="Yes","Yes","No") | H14: =IF(OR('Client Form'!C14="Yes",'Client Form'!C14="Partial"),"Yes","No") | I14: =IF('Client Form'!C14="Yes","Yes","No") | J14: =IF('Client Form'!C14="Yes","Yes","No") | K14: =Mapping!F13
